[
    {
        "_id": {
            "$oid": "5d470874990b6f3584d99e08"
        },
        "products": [
            {
                "images": [
                    "https://images.unsplash.com/photo-1542838686-d4856db9ef1e?ixlib=rb-1.2.1&ixid=eyJhcHBfaWQiOjEyMDd9&auto=format&fit=crop&w=634&q=80"
                ],
                "_id": {
                    "$oid": "5d0c1a357a46812d6c03fd1a"
                },
                "name": "Sophie – Dark Autumn Boots",
                "price": 24999
            },
            {
                "images": [
                    "https://images.unsplash.com/photo-1520859665512-9851c25e2f1e?ixlib=rb-1.2.1&ixid=eyJhcHBfaWQiOjEyMDd9&auto=format&fit=crop&w=634&q=80"
                ],
                "_id": {
                    "$oid": "5d0c1a357a46812d6c03fd1c"
                },
                "name": "Dear Darlings Shirt",
                "price": 3999
            }
        ],
        "contact": {
            "fullName": "Andres Romero",
            "phoneNumber": "86234057"
        },
        "shippingAddress": {
            "country": "CR",
            "city": "Heredia",
            "addressLine1": "Barva",
            "addressLine2": "San Bartolome",
            "postalCode": "40201"
        },
        "timestamp": "1564936308276",
        "customer": {
            "$oid": "5d0aef1da15c4d19fc6d9074"
        },
        "__v": 0
    },
    {
        "_id": {
            "$oid": "5d470e6262d04c3f0c3f3adc"
        },
        "products": [
            {
                "images": [
                    "https://images.unsplash.com/photo-1542838686-d4856db9ef1e?ixlib=rb-1.2.1&ixid=eyJhcHBfaWQiOjEyMDd9&auto=format&fit=crop&w=634&q=80"
                ],
                "_id": {
                    "$oid": "5d0c1a357a46812d6c03fd23"
                },
                "name": "Premium Soft Jacket",
                "price": 14999
            },
            {
                "images": [
                    "https://images.unsplash.com/photo-1525811195752-b37798f34a75?ixlib=rb-1.2.1&ixid=eyJhcHBfaWQiOjEyMDd9&auto=format&fit=crop&w=701&q=80"
                ],
                "_id": {
                    "$oid": "5d0c1a357a46812d6c03fd1d"
                },
                "name": "Cali Shirt",
                "price": 2999
            },
            {
                "images": [
                    "https://images.unsplash.com/photo-1465479423260-c4afc24172c6?ixlib=rb-1.2.1&ixid=eyJhcHBfaWQiOjEyMDd9&auto=format&fit=crop&w=1350&q=80"
                ],
                "_id": {
                    "$oid": "5d0c1a357a46812d6c03fd28"
                },
                "name": "White Running Shoes",
                "price": 8999
            }
        ],
        "contact": {
            "fullName": "Andres Romero",
            "phoneNumber": "8888888888888"
        },
        "shippingAddress": {
            "country": "Costa Rica",
            "city": "Heredia",
            "addressLine1": "xxxx",
            "addressLine2": "yyyy",
            "postalCode": "00001"
        },
        "timestamp": "1564937826379",
        "customer": {
            "$oid": "5d0aef1da15c4d19fc6d9074"
        },
        "__v": 0
    }
]